source,topic,title,url,external_id,incentivized_review,preview
dcinside,planner_contract,예비신부인데 신혼집 전세 계약 전에 이거 했음,https://gall.dcinside.com/board/view/?id=wedding&no=78866,78866,False,남편이 괜찮다고 하는 집이 있었는데 불안해서 내집스캔 한번 돌려봤거든 집주인이 다른 세입자한테 보증금 안 돌려준 이력 있더라 남편한테 보여줬더니 바로 다른 집 알아보자고 함 ㅋㅋ 확인 안했으면 큰일날뻔
dcinside,general,정부의 결혼정책이 자꾸 실패하는 건,https://gall.dcinside.com/board/view/?id=wedding&no=78466,78466,False,"인간 본능에 대한 이해도가 부족하기 때문임 남자는 최대한 씨를 많이 뿌리면 번식성공 여자는 가장 우월한 수컷의 씨를 받으면 번식성공 그래서 남자는 여자를 볼때 섹스 가능한 얼굴이랑 가임능력, 최소한의 인간 소양을 갖췄는지 정도만 봄 그런데 여자는 다방..."
dcinside,price_transparency,펌) 결혼식 끝났는데 또 추가금이라고요??,https://gall.dcinside.com/board/view/?id=wedding&no=79073,79073,False,ㄷㄷ https://youtu.be/uLXeDZZbTNU ?si=9s5ELtr1u98HiFVL 결혼식 끝났는데 또 추가금이라고요?? 안녕하세요. 이서입니다! 결혼 관련 컨텐츠는 저번 결혼식 비용 총정리가 마지막일거라고 했는데...어제 있었던 일을 그냥...
dcinside,price_transparency,펌) 결혼식 끝났는데 또 추가금이라고요??,https://gall.dcinside.com/board/view/?id=wedding&no=78536,78536,False,ㄷㄷ https://www.youtube.com/watch?v=uLXeDZZbTNU 결혼식 끝났는데 또 추가금이라고요?? 안녕하세요. 이서입니다! 결혼 관련 컨텐츠는 저번 결혼식 비용 총정리가 마지막일거라고 했는데...어제 있었던 일을 그냥 넘어갈 수...
dcinside,price_transparency,펌) 결혼식 비용 총 정리 💸1000만원 이내💸,https://gall.dcinside.com/board/view/?id=wedding&no=78632,78632,False,"https://www.youtube.com/watch?v=vU9ziKeBLvA&t=79s 결혼식 비용 총 정리 &#x1f4b8;1000만원 이내&#x1f4b8; 후회되는점,스드메가격,멍청비용 아끼는방법,웨딩플래너는?! 결혼식 비용 총 정리 !!! *신..."
kgwed,price_transparency,결직웨딩 계약후기,https://kgwed.com/%ED%9B%84%EA%B8%B0/?mod=document&uid=110,110,True,결직웨딩 계약후기 결직웨딩 스드메 계약 후기 (로그에이 / 라포레 / 드이희) 작성자 이** 작성일 2025-09-05 07:34 조회 798 스튜디오: 로그에이 드레스: 라포레 혼수- 예복. 한복. 예물: 안녕하세요! 결직웨딩 통해 스드메 계약 마치...
kgwed,price_transparency,결직웨딩 계약후기,https://kgwed.com/%ED%9B%84%EA%B8%B0/?mod=document&uid=111,111,True,결직웨딩 계약후기 Re:결직웨딩 스드메 계약 후기 (로그에이 / 라포레 / 드이희) 작성자 ma******* 작성일 2025-09-05 09:45 조회 595 정성스러운 후기 감사드려요.. 좋아요 0 싫어요 0 인쇄 « 결직웨딩 스드메 계약 후기 (로...
kgwed,price_transparency,결직웨딩 계약후기,https://kgwed.com/%ED%9B%84%EA%B8%B0/?mod=document&uid=112,112,True,"결직웨딩 계약후기 스튜디오 계약후기 작성자 쏘* 작성일 2025-09-05 16:16 조회 572 스튜디오: 봉스튜디오 결직웨딩 통해서 스튜디오촬영 잘 했습니다! 처음에 결직웨딩 알기 전 스드메 상담받을 때 드레스, 메이크업은 자체 진행하는데 스튜디오..."
kgwed,price_transparency,결직웨딩 계약후기,https://kgwed.com/%ED%9B%84%EA%B8%B0/?mod=document&uid=113,113,True,결직웨딩 계약후기 Re:스튜디오 계약후기 작성자 ma******* 작성일 2025-09-05 16:42 조회 565 스튜디오촬영 후기 감사합니다!! 좋아요 0 싫어요 0 인쇄 « 스튜디오 계약후기 우연히 알게된 결직웨딩 후기!(글렌하우스/ 아벨바이케이...
kgwed,price_transparency,결직웨딩 계약후기,https://kgwed.com/%ED%9B%84%EA%B8%B0/?mod=document&uid=114,114,True,결직웨딩 계약후기 우연히 알게된 결직웨딩 후기!(글렌하우스/ 아벨바이케이/ 김청경) 작성자 이** 작성일 2025-09-08 23:51 조회 1098 스튜디오: 글렌하우스 드레스: 아벨바이케이 메이크업: 김청경 타업체(ㅇㅇㅍㄹ) 소개를 받아 진행초기에...
kgwed,price_transparency,결직웨딩 계약후기,https://kgwed.com/%ED%9B%84%EA%B8%B0/?mod=document&uid=115,115,True,결직웨딩 계약후기 Re:우연히 알게된 결직웨딩 후기!(글렌하우스/ 아벨바이케이/ 김청경) 작성자 ma******* 작성일 2025-09-10 02:44 조회 590 후기 감사합니다!! 좋아요 0 싫어요 0 인쇄 « 우연히 알게된 결직웨딩 후기!(글렌하...
kgwed,price_transparency,결직웨딩 계약후기,https://kgwed.com/%ED%9B%84%EA%B8%B0/?mod=document&uid=123,123,True,"결직웨딩 계약후기 소풍 웨딩컨벤션센터 당일 계약 후기 작성자 한** 작성일 2026-02-27 23:58 조회 513 첫 웨딩홀 투어로 방문한 소풍컨벤션에서 고민 없이 바로 당일 계약을 하고 나왔어요. 사실 첫 방문이라 비교만 해보자는 마음이었는데, ..."
kgwed,price_transparency,결직웨딩 계약후기,https://kgwed.com/%ED%9B%84%EA%B8%B0/?mod=document&uid=66,66,True,"결직웨딩 계약후기 엔조최재훈 드레스 투어 후기 작성자 박** 작성일 2025-01-08 07:02 조회 1015 엔조최재훈과 모니카블랑쉬 2곳 투어를 다녀왔어요. 두 곳 모두 친절하게 상담해주셨고, 드레스도 예뻤어요. 드레스 화보 사진을 미리 보고 원..."
kgwed,price_transparency,결직웨딩 계약후기,https://kgwed.com/%ED%9B%84%EA%B8%B0/?mod=document&uid=67,67,True,"결직웨딩 계약후기 황정아 웨딩드레스 계약후기 공유할게요 작성자 Ji*** 작성일 2025-01-08 07:07 조회 1558 오프숄더, 튜브탑 디자인 슬림라인으로 할지 풍성라인으로 할지는 고민이 많이 되었고, 본식은 실크로 해야지 하고 마음먹었어요. ..."
kgwed,price_transparency,결직웨딩 계약후기,https://kgwed.com/%ED%9B%84%EA%B8%B0/?mod=document&uid=68,68,True,"결직웨딩 계약후기 모리엠포티 드레스 계약 후기 작성자 pa********* 작성일 2025-01-08 07:18 조회 1294 추천해주신 곳 중에 제가 고른 곳이 브라이드벨라, 모리엠포티, 줄리엣발코니 였어요. 홀이 어두운 홀이라 화려한 드레스가 많은..."
kgwed,price_transparency,결직웨딩 계약후기,https://kgwed.com/%ED%9B%84%EA%B8%B0/?mod=document&uid=71,71,True,결직웨딩 계약후기 뮤아스튜디오 계약후기 공유해요 작성자 ju**** 작성일 2025-03-17 18:05 조회 784 올해 드디어 결혼식을 하기로 하고 요즘 한창 결혼 준비에 정신이 없는데요. 살면서 선택할 게 이렇게 많았던 적은 지금이 처음이라고 해...
kgwed,price_transparency,결직웨딩 계약후기,https://kgwed.com/%ED%9B%84%EA%B8%B0/?mod=document&uid=76,76,True,결직웨딩 계약후기 결직 스드메상담 후기 작성자 이** 작성일 2025-03-24 14:24 조회 728 지난주 결혼한 친한친구의 소개로 결직웨딩에서 스드메상담받고 계약했어요. 이번에 계약완료하기 전 까지 7군데를 상담을 받았었는데 상담받으면서 솔직히 ...
kgwed,price_transparency,결직웨딩 계약후기,https://kgwed.com/%ED%9B%84%EA%B8%B0/?mod=document&uid=83,83,True,"결직웨딩 계약후기 그가사랑하는순간 웨딩촬영후기 작성자 서** 작성일 2025-03-26 15:12 조회 892 그가사랑하는순간은 원본만족도가 상당히 좋기로 유명한 곳 이라고 들었는데 정말 마음에 들었어요. 본식스냅, 데이트스냅까지도 너무 유명한만큼 정..."
kgwed,price_transparency,결직웨딩 계약후기,https://kgwed.com/%ED%9B%84%EA%B8%B0/?mod=document&uid=86,86,True,결직웨딩 계약후기 레이나모라 드레스 촬영가봉 후기 작성자 박** 작성일 2025-04-03 19:19 조회 945 요즘 날씨가 점점 봄에 가까워지고 있네요. ​봄날의 촬영을 앞두고 촬영 가봉을 진행 했어요. 화려하고 화사한 레이나모라의 본식 드레스 느...
kgwed,price_transparency,결직웨딩 계약후기,https://kgwed.com/%ED%9B%84%EA%B8%B0/?mod=document&uid=91,91,True,"결직웨딩 계약후기 누벨드블랑 본식드레스 계약 후기 작성자 이** 작성일 2025-05-22 21:12 조회 1156 저는 뭔가 맑고 깨끗한 소녀 느낌의 드레스를 원했는데, 제가 너무 까다로운 건지 원하는 느낌의 드레스가 많이 없다고 생각하던 찰나에 누..."
kgwed,price_transparency,결직웨딩 계약후기,https://kgwed.com/%ED%9B%84%EA%B8%B0/?mod=document&uid=94,94,True,결직웨딩 계약후기 로즈로사 본식 가봉 후기 작성자 서** 작성일 2025-08-29 02:12 조회 1041 로즈로사를 선택한 가장 큰 이유는 로즈로사만의 사랑스러움과 여성스러움이 가득해서 선택하게 되었습니다. 어두운 홀에서 예식을 진행하는지라 화려하...
kgwed,price_transparency,결직웨딩 계약후기,https://kgwed.com/%ED%9B%84%EA%B8%B0/?mod=document&uid=95,95,True,"결직웨딩 계약후기 계약후기 작성 시 2만원 상품권 증정 이벤트 작성자 ma******* 작성일 2025-09-03 17:11 조회 874 결직웨딩 계약후기 이벤트를 진행합니다. 스드메, 혼수, 웨딩홀 등등 결직웨딩을 통행 계약하신 후기를 ""네이버 블로..."
kgwed,price_transparency,결직웨딩 계약후기,https://kgwed.com/%ed%9b%84%ea%b8%b0/,https://kgwed.com/%ed%9b%84%ea%b8%b0/,True,결직웨딩 계약후기 전체 84 번호 제목 작성자 작성일 추천 조회 공지사항 계약후기 작성 시 2만원 상품권 증정 이벤트 ma******* | 2025.09.03 | 추천 0 | 조회 872 ma******* 2025.09.03 0 872 76 소풍 웨딩...
